Gene	CADD_MSC
MT-TQ	NA
MT-TP	NA
NUP107	19.2058705849
MT-TN	NA
MT-TT	NA
MT-CO1	NA
IFT172	19.8553445603
MT-TR	NA
MT-TY	NA
MT-TW	NA
MT-TV	NA
SPINT2	19.5097881689
NDST1	19.2058705849
KIAA1109	19.8350177137
SYNGAP1	19.2058705849
TBK1	21.0890714451
AKT2	20.8920137343
PRKACG	19.2058705849
AKT3	28.3501862324
AKT1	14.4021160779
MLYCD	19.2058705849
PRKACA	20.7299085225
MNX1	22.4262954332
SECISBP2	19.2058705849
MMP1_WTAPP1	NA
PHKA1	19.2058705849
CACNA2D4	19.2058705849
PHKA2	19.2058705849
CD2AP	19.2058705849
MT-TA	NA
LARS2	19.4081539362
SCO1	19.3878270896
MT-TE	NA
SCO2	19.2058705849
TFR2	19.4691344758
MT-TD	NA
MT-TC	NA
TMEM126A	10.064580252
MT-TI	NA
AGTR1	19.2058705849
MT-TH	NA
ORAI1	19.2058705849
NOBOX	19.2058705849
MT-CO2	NA
MT-TG	NA
FAR1	24.7554615883
MT-CO3	NA
MT-TF	NA
MT-TM	NA
ATF6	19.3878270896
MT-TK	NA
OPTN	19.2058705849
FLG	19.2058705849
SAR1B	21.3357609906
GATA6	11.3808376853
PDGFB	19.7537103275
GATA4	19.2058705849
GATA3	19.8756714068
PLA2G6	18.14
GATA2	69.6035142045
GATA1	19.2058705849
PLA2G7	19.2058705849
ADAMTS10	7.14476046327
ADAMTS13	19.2058705849
RNF213	19.2058705849
RNF216	19.2058705849
RDH12	15.2828394167
T	19.2058705849
RDH11	19.2058705849
HLCS	25.1
ADAMTS18	19.2058705849
ADAMTS17	11.5879644896
PIP5K1C	19.3675002431
HCRT	27.2057982371
CREBBP	3.66
JAG1	38.0
JUP	26.4
FUCA1	19.2058705849
FN1	13.5523283749
EIF2AK3	20.0992667189
NR2F1	16.2869904231
EIF2AK4	8.36079524941
NR2F2	66.6035162981
L1CAM	16.94
VANGL1	20.1805741051
FAM111B	19.2058705849
DHFR	15.9100155541
FAM111A	19.2058705849
QARS	17.033394988
LAS1L	19.2058705849
STRC	32.0
MT-TS1	NA
FXYD2	9.82404589868
MT-TS2	NA
SFXN4	19.2058705849
F13B	19.2058705849
FAT4	19.6114224017
KCNC1	16.9332330558
DPYS	58.1447248735
KCNC3	22.8433910031
PRKAG2	24.2
SNX10	17.8756702284
HOXC13	54.5500725936
PRKAG3	21.7050875963
MMP20	19.6520760948
MED17	13.5189208258
MECP2	20.2
MED12	20.8310331947
SHH	19.2758625991
CHAF1B	19.2058705849
ATIC	51.5834822362
CASP10	19.2058705849
SMPD1	22.5
NEFL	NA
JAK2	19.6520760948
JAK3	13.78
MYBPC3	6.895
CHST8	19.5097881689
MYBPC1	19.5910955551
CHST6	19.4081539362
IFT140	19.2058705849
KCND3	20.6074378826
TEX11	19.2058705849
SLC39A13	19.4284807827
DUSP6	19.4081539362
DDB2	19.2058705849
MED23	22.7
MMP14	16.9398538506
MED25	7.55901407173
SLC7A7	19.550441862
MMP13	19.3675002431
SDHAF2	19.5301150155
CYP21A2	11.89
SLC7A9	22.8637178497
PTRH2	14.9406516051
AGPS	19.3878270896
DPYD	19.3675002431
SDHAF1	61.3652126039
PXDN	19.4691344758
PPARG	19.4488076293
L2HGDH	19.2058705849
ISPD	19.2058705849
CRYAA	12.2962045299
CRYAB	24.1
PAFAH1B1	4.423
CHST3	19.2058705849
CRB2	20.4854768033
CRB1	21.9
OAT	19.2058705849
ECHS1	60.1692223472
SAMD9	19.2058705849
ATL3	19.4894613224
ATL1	23.086001454
KCNA1	9.95099458515
KCNA2	7.55233256192
ATP5A1	46.5656683659
KIAA2022	19.2058705849
KCNA5	19.2058705849
ABCB11	19.4284807827
EGFR	4.668
WRN	19.2058705849
NRAS	22.7
MFN2	11.8284988429
ZNF469	19.2058705849
ZSWIM6	52.52557512
IL12RB1	19.2058705849
JAM3	19.4691344758
EGLN1	14.1269382189
MBD5	7.14476046327
PKLR	10.5256044292
CRBN	19.4691344758
KCNB1	19.2058705849
C10ORF2	NA
WNT7A	63.2427168616
SKI	12.0088996079
CENPE	19.2058705849
COL3A1	10.71
CENPF	19.2058705849
WT1	10.4721523506
CENPJ	29.5
SNX14	17.1870697137
TSR2	44.1670063426
PTF1A	35.0935160152
AGRN	19.9366519465
CRLF1	7.99999371946
OLFML2B	19.3675002431
ATN1	19.2058705849
PLOD3	19.8350177137
CASC5	19.2058705849
PLOD2	19.5707687086
PLOD1	33.376367993
EFEMP2	11.5879644896
EFEMP1	16.650501904
UROD	19.9366519465
POFUT1	15.304163086
NEK1	24.6
NEK2	43.652530087
MTPAP	19.2058705849
TNFRSF4	19.2058705849
KCNH1	19.5301150155
KCNH2	10.26
CDKL5	13.11
DGAT1	19.2058705849
ADIPOQ	7.04453781606
MSH6	22.6
MINPP1	19.2058705849
MSH2	11.93
SMO	19.6114224017
PKP2	10.39
SMS	23.6380003694
PKP1	7.6391921895
FTL	15.4926505205
SLC27A4	30.2828289491
COL17A1	20.5261304964
FTO	19.2058705849
BLK	19.4284807827
KMT2D	19.34
BLM	24.7
KCNE1	50.3874919795
KCNE2	16.47
DLX3	19.5301150155
KMT2A	35.0
KCNE3	19.2058705849
UQCRB	19.2058705849
DLX5	52.2516332176
ZC4H2	31.1774977502
SPATA5	22.5
CORO1A	19.4691344758
SPATA7	23.1
SLC9A3R1	68.3273458301
LOXHD1	23.7
HNRNPDL	21.2953708261
PGK1	33.8039846211
AP4S1	19.2058705849
ZNF423	21.0890714451
GRIA3	22.5070757623
NEK8	19.6520760948
SLC14A1	10.6258270764
FUS	7.64587369932
UROS	19.2058705849
FBXO38	8.62805564197
HPS1	19.5301150155
HPS4	19.2058705849
HTR1A	19.2058705849
HPS3	20.0382861792
HPS6	19.2058705849
RFXANK	19.2058705849
HPS5	19.2058705849
TMPRSS15	19.2058705849
FBXO31	19.2058705849
BFSP2	12.4632422752
G6PC3	7.55901407173
UQCRQ	21.8069795769
TBXAS1	19.2058705849
DMXL2	19.2058705849
ACO2	51.8574241386
MT-CYB	NA
NOP10	32.1199349228
SNAP25	31.312131632
CIITA	19.2058705849
ALAS2	19.4081539362
MCFD2	44.0400576562
KCNK9	18.2561112839
ITGB4	7.65923671894
ITGB3	9.46324436872
ITGB2	19.2058705849
RMND1	19.2058705849
PTEN	10.32
DYSF	6.11
ETFA	11.06
ECE1	32.0066584812
ETFB	26.9
TSPAN12	39.1692370018
BICD2	19.3675002431
RLBP1	19.5707687086
CDC73	68.1669895945
BMP15	19.2058705849
AP4M1	22.2132587601
ALAD	57.0756833033
SPR	19.9759587844
ZNF408	19.3878270896
PGM3	19.2058705849
ACP5	19.2058705849
ITGB6	19.2058705849
SPDL1	19.2058705849
CEP290	22.1
NEO1	19.7537103275
SNAP29	19.2058705849
PGM1	11.4944233522
NKX3-2	19.3878270896
MBL2	19.2058705849
RMRP	NA
CERS3	19.2058705849
UNC45B	27.3763721801
SLC36A2	19.3675002431
ITGA3	49.4587621153
RNASET2	19.5097881689
ATRX	23.7
VPS13A	19.2058705849
VPS13B	29.9
SPTB	19.8756714068
TNFRSF1A	19.2058705849
MFRP	24.9
LRTOMT	9.9777206244
PCCA	26.9
RRM2B	NA
IMPAD1	19.9976324861
HAND2	19.2058705849
PCCB	15.55
MYO3A	19.2058705849
ITGA8	19.6317492482
ITGA7	27.0
TOP1	20.139920412
AGXT	12.53
FXN	19.2058705849
CERS1	19.2058705849
PRPS1	23.4
CANT1	19.2058705849
C1S	19.2058705849
SRC	32.9277382136
IL2RG	24.0
FOXRED1	19.2058705849
MALT1	19.4284807827
EHBP1	19.2058705849
CDC42	NA
ARL13B	19.6317492482
PHKG2	7.93317862132
KRIT1	19.2058705849
BSND	19.2058705849
SRY	NA
DRAM2	25.3
HNRNPA1	18.1314746038
KCNJ1	19.2058705849
KCNJ2	20.8
UBQLN2	51.4698965693
NTRK1	19.9163250999
TBX1	14.6983106179
KCNJ5	19.2058705849
NTRK2	19.6520760948
KCNJ6	69.8507300677
NAGA	13.7794997086
SYT14	19.4081539362
TBX6	19.3878270896
TBX5	24.5166859797
TBX4	19.3675002431
TBX3	56.7816968715
SUGCT	19.3878270896
MYO1E	63.1959462929
PINK1	20.6277647292
SUCLA2	29.3
NECAP1	19.2058705849
UROC1	13.1514377861
MYO1A	20.8107063481
IL2RA	19.2058705849
ST7	20.2415546447
STUB1	61.9064148988
TRIM37	19.4488076293
CD247	31.0428638684
NAGS	19.4284807827
TRIM32	19.6520760948
KCNK3	19.2058705849
DMGDH	7.00444875717
SMARCAL1	19.2058705849
SMARCB1	23.4091227703
ACTB	23.6
PEX26	19.3878270896
C1GALT1C1	15.3229284756
STS	19.2058705849
HERC2	19.7740371741
OPHN1	19.2058705849
HERC1	19.4284807827
MCIDAS	60.4498457594
PIEZO2	20.546457343
KDR	19.2058705849
PIEZO1	19.2058705849
TNFSF11	7.37861330676
FBXO7	19.2058705849
TP63	22.4165272256
ALG8	19.2058705849
ALG9	22.4397588214
ACTN3	33.8701753862
ALG6	19.3878270896
ACTN2	24.0
ACTN1	69.7705519499
ALG2	19.2058705849
TALDO1	15.1558907303
ALG3	7.29175367917
MOGS	19.2058705849
CSNK1D	27.5423829416
MYO7A	8.911
ALG1	11.31
ACTN4	19.405330972
KCNK17	19.2058705849
BCS1L	20.5
BTD	17.47
KEL	19.2058705849
KCNQ1	11.95
KCNQ2	15.8
BTK	24.4
KCNQ3	24.9
KCNQ4	31.0
KCTD17	65.3073033941
TP53	19.25
CES1	19.2058705849
CERKL	19.733383481
CETP	19.2058705849
SLC45A2	19.2058705849
AARS2	19.5097881689
EPB42	19.2058705849
EPAS1	19.2058705849
EPB41	40.6057616118
TTBK2	21.0749553533
PKHD1	14.11
BRIP1	15.38
MC2R	19.2058705849
APOH	19.2058705849
NEU1	19.7470811854
B4GALNT1	9.50333342761
APOE	19.2058705849
APOB	28.8
BBS2	27.2
BBS1	28.6
MSR1	19.2058705849
STAT5B	13.7794997086
EGR2	19.4081539362
TGDS	19.4894613224
SLC10A2	19.2058705849
RAB27A	19.4488076293
NBEAL2	19.2058705849
IGF1	28.7540878778
HARS2	19.2058705849
SMARCA2	7.36525028713
SMARCA4	35.3808209372
MED13L	19.4284807827
EXT1	22.7594488986
AIMP1	19.2058705849
EXT2	12.6302800206
ALDH6A1	16.354307364
NDUFAF6	19.3675002431
LPAR6	19.2058705849
MYO5B	7.05121932587
NDUFAF4	14.9675783815
NDUFAF5	19.2058705849
CWF19L1	19.8350177137
CD207	19.2058705849
NDUFAF2	24.9304856347
GNRH1	18.521912861
NDUFAF3	19.2058705849
NDUFAF1	19.2058705849
FBXL4	38.6881682952
IL21	21.5781019779
COX7B	NA
ECM1	19.2058705849
MRPS16	19.720154409
ACY1	NA
MSTN	20.8310331947
GRIK2	17.2806108511
C8B	19.2058705849
MT-ATP6	NA
MC4R	24.6
DMBX1	19.4081539362
KCNT1	19.2058705849
PCLO	19.3675002431
SUFU	28.6458590447
ERMARD	19.2058705849
GNRHR	19.2058705849
RAC2	31.312131632
CHAMP1	19.2058705849
BBS9	24.3
EPG5	19.3675002431
PHGDH	19.7537103275
BBS7	19.2058705849
DFNB31	23.7
BBS5	22.4262954332
SPTAN1	0.001
BBS4	20.2415546447
ATPAF2	14.3482625252
IL10	69.6035142045
SFTPB	19.2058705849
PCYT1A	29.4944107911
GAA	22.2
SFTPC	19.2058705849
FSHB	29.6965250504
MRPS22	19.2058705849
SYP	25.63058182
KIF7	19.2058705849
SYN1	29.5
APRT	19.9163250999
ARHGEF9	18.6296199664
GAN	19.2058705849
FSHR	19.2058705849
PITPNM3	30.2093323412
KIT	19.2058705849
DEPDC5	41.674803182
KIZ	NA
DDR2	19.3878270896
ARHGEF6	19.4284807827
YAP1	22.4978346118
AHCY	37.7126678623
PCNA	NA
GBA	0.11
HSD17B3	19.2058705849
PRICKLE2	20.7293989619
GNAI3	43.973242558
HSD17B4	26.8
NEXN	25.3
PRICKLE1	19.550441862
CYP17A1	19.2058705849
GNAI2	25.8596694523
DFNB59	14.5771401243
RELN	24.5
FAM177A1	20.3025351844
SHOX	12.34
MSX1	19.8959982534
MGAT2	19.2058705849
PCNT	34.0
XDH	14.3674725722
PEX16	19.2058705849
DYNC1H1	33.0
MAP3K1	19.2058705849
PNPLA8	19.2058705849
GAD1	7.2583461301
MRE11A	16.07
VEGFC	29.7817157131
PEX10	19.2058705849
KLHL3	56.1335904195
PEX12	34.0
APTX	20.0179593327
PEX13	19.2058705849
GCK	19.73
PEX14	10.5991010371
GRIN1	14.9406516051
RP1L1	19.2058705849
TTC8	18.576823755
RIT1	31.0428638684
KITLG	18.5892298019
ITCH	19.3675002431
KLHL7	47.2471823669
HNRNPA2B1	31.312131632
TCAP	18.44
PNPLA6	19.2058705849
MAMLD1	19.2058705849
OTC	14.86
PNPLA2	19.3878270896
AMHR2	9.05567227007
TACO1	19.4284807827
PRDM5	17.5390855239
INPPL1	20.2822083378
BUB1B	19.2058705849
UBE3A	14.3
UBE3B	50.4476255678
NR3C1	19.2058705849
COX6A1	22.8301970786
YARS2	19.2058705849
ACTG2	26.1960441236
NR3C2	7.2583461301
ACTG1	24.7
TGM1	19.4284807827
CFAP53_CCDC11	NA
GRIP1	19.3878270896
ZNF81	19.2058705849
GNPTAB	19.94
ENPP1	19.2058705849
TGM6	19.2058705849
RAG2	22.5
TGM5	19.2058705849
RAG1	23.0
CAST	19.5910955551
CASR	11.04
SPINK1	19.2058705849
IL4R	19.2058705849
MSX2	19.2058705849
SPINK5	19.2058705849
CASK	34.0
ADAM10	19.2058705849
SDHC	25.6
SDHD	24.8
TTC7A	19.2058705849
SDHA	24.6
SDHB	22.2
POU3F4	26.3
DHDDS	30.9082299866
COX6B1	18.5623030255
SCNN1G	19.2058705849
ADAM17	19.9773056396
TYROBP	28.2917390246
TBC1D20	20.2212277982
POLG2	19.2058705849
B4GAT1_B3GNT1	NA
SCNN1B	19.3675002431
EEF1A2	32.2545688046
SCNN1A	19.8146908672
TBC1D24	26.1
ANKS6	19.2058705849
RAF1	19.21
PPIB	31.5813993956
CARS2	19.2058705849
CARD14	19.2058705849
CARD11	19.2058705849
FBN2	20.2212277982
UBIAD1	19.2058705849
DIABLO	19.2058705849
COX15	19.4894613224
NDUFB11	14.4877397489
HTRA1	13.5189208258
CACNA1B	19.2058705849
CACNA1A	20.3838425706
CACNA1D	22.0099902946
CACNA1C	1.015
CACNA1F	26.4
PLD1	19.4284807827
TMEM240	24.9978025756
CACNA1H	19.2058705849
CACNA1G	19.4488076293
TIMM50	19.2058705849
RAI1	35.0
KCNV2	19.4691344758
P3H2_LEPREL1	NA
IL36RN	16.9063062794
COX14	31.7160332774
CACNA1S	32.0
FGF23	25.6
COX10	19.2058705849
TFAP2A	24.0
BHLHA9	15.2368461451
YARS	20.0382861792
TFAP2B	21.9416134587
CRTAP	19.2058705849
PDHA1	19.2058705849
SYT2	14.0133525521
CAV3	24.6
NUP155	28.6458590447
CAV1	26.9230670853
CHCHD10	26.8692135326
TIMM44	20.2618814913
USB1	47.3674495435
UBE2A	NA
AP4B1	19.2058705849
IGF2R	19.2058705849
TMEM231	19.2058705849
C8ORF37	NA
FGF17	64.5656558048
GNAO1	30.3696944594
GH1	20.3228620309
AHI1	19.2058705849
FGF16	NA
GNAL	7.38529481657
FGF14	21.6588823069
NAT1	19.2058705849
TMEM237	19.3675002431
ALPP	19.2058705849
UBE2T	12.4632422752
UVSSA	19.2058705849
GNAQ	17.175574043
GNAS	10.1380768599
GNB4	7.9732676802
CNTN1	9.24275454486
ALPL	15.94
IFT27	21.7050875963
CNTN2	19.4284807827
TCF4	10.63
UBA1	21.9443047013
IL7R	14.68
DNAL4	30.9082299866
DNAL1	20.0028855608
FBN1	14.14
GALK1	21.1156090464
COX20	19.8959982534
FGF10	19.2058705849
TAT	19.733383481
C12ORF4	NA
NGLY1	19.2058705849
LDB3	31.0
ADAR	19.2058705849
TAZ	18.18
LMNB2	10.9665840769
GHR	19.4284807827
FYCO1	19.2058705849
CYP26B1	15.6369594369
CA1	19.2058705849
SGOL1	19.2058705849
ZIC2	22.8705872431
GRM6	22.2
ZIC3	14.6848472297
CA2	19.2058705849
CA4	19.2058705849
MYO18B	19.2058705849
CA8	57.122453872
SNTA1	21.9083560619
TGIF1	19.2058705849
TTC37	19.3878270896
MKKS	19.2058705849
DNAI2	19.2058705849
MYOCD	19.3675002431
GIF	19.2058705849
ATP6AP2	19.4284807827
IRAK4	19.2058705849
TTI2	19.2058705849
SHROOM4	19.2058705849
ETV6	12.1091222551
ACTA2	23.2
ACTA1	22.7
IFT43	19.2058705849
ALS2	19.3878270896
SETBP1	24.9
ACOX1	19.2058705849
TMEM216	67.3652084168
ATP6V1B2	22.3320517159
ZMYND10	19.3675002431
MAN1B1	NA
ZMYND11	20.4606407589
FBP1	19.2058705849
SHANK3	19.4691344758
ATP6V1B1	20.2009009516
CLRN1	31.0
PLEC	13.6258249828
DNAH1	19.3878270896
GALT	14.53
DNAH8	19.6724029413
DNAH5	7.03785630624
SLC3A1	19.2058705849
RNF6	19.2058705849
RSPH9	19.6520760948
PPOX	33.1558781692
CBL	18.24
NT5C2	7.1113529142
AGPAT2	19.2058705849
PABPN1	17.5121587475
CBS	23.1
TBX22	19.2058705849
OXCT1	19.8350177137
ASB10	19.3878270896
POLD1	21.1359358929
MXI1	23.2610255004
TBX20	26.1421905709
C10ORF11	NA
CRYM	19.2058705849
DNAI1	19.3878270896
HSD3B7	22.2132587601
ARFGEF2	20.6277647292
TIMM8A	NA
EYA1	26.9
HSD3B2	19.2058705849
EYA4	64.9130943151
SUOX	19.4894613224
TTC19	19.2058705849
TBX19	19.2058705849
CFC1	20.7293989619
TBX18	19.2058705849
EPOR	19.5707687086
GALNS	4.794
GALC	16.62
RSPH3	19.2058705849
CD4	19.2058705849
RSPH1	19.2058705849
GALE	23.0
OPN1SW	19.2058705849
ACTC1	21.3
ERCC3	20.0382861792
MYO15A	24.4
ERCC4	19.7130566344
COL7A1	22.7
ERCC1	19.2058705849
ERCC2	14.5367499597
ERCC8	7.82627446429
KRAS	17.72
ERCC5	19.2058705849
ERCC6	10.55
TEK	19.4488076293
GPD1L	0.009
ACKR1	NA
GLA	7.952
PRSS1	6.936
XYLT2	19.2058705849
XYLT1	7.02449328661
HNRNPU	9.63028211407
SLC4A1	19.2058705849
DMP1	19.2058705849
SMC3	25.3
SLC4A4	19.7740371741
EPS8	14.6080069255
GJA1	19.2058705849
GJA3	19.2058705849
TFG	51.3563109025
SCN11A	19.2058705849
WDR93	19.2058705849
GJA5	19.3878270896
CSPP1	19.2058705849
AP1S2	NA
PROK2	33.6009076226
VPS35	20.0992667189
GJA8	19.2058705849
CDK5RAP2	28.6
PRKCG	21.5768216615
GAMT	22.1
DNAAF3	19.2058705849
DNAAF2	19.2058705849
DNAAF1	19.2058705849
DDX11	19.2058705849
PRKCD	19.3878270896
WDR72	19.2058705849
WDR73	19.2058705849
CEL	19.2058705849
GABRG2	8.898
HCFC1	19.2058705849
GTPBP3	19.2058705849
BCAM	20.3025351844
SCN10A	19.2058705849
WDR81	23.5
ARMC5	19.9366519465
HMBS	47.7950661716
ARMC4	19.2058705849
TARS2	19.2058705849
FREM1	19.2058705849
CFB	19.2058705849
FREM2	19.4081539362
GNE	14.02
CFD	20.4741041471
LIPT1	19.2058705849
LRPAP1	19.2058705849
CFH	19.2058705849
PRKDC	19.2058705849
CFI	19.2058705849
XPA	20.0586130258
XPC	20.9
WDR62	24.3
BCL10	19.2058705849
CFP	19.2058705849
GNS	19.4488076293
NCSTN	9.9777206244
BLOC1S6	21.766068136
GJC2	19.2058705849
NTHL1	19.2058705849
FLRT3	19.8756714068
TTPA	13.96
PRDM16	19.2058705849
BLOC1S3	8.77504885788
ALX3	19.2058705849
ALX4	49.1046420952
ST3GAL5	19.3878270896
ALX1	15.3714800269
PROM1	0.097
NHEJ1	31.2115588133
FAM120AOS	7.31179820862
ST3GAL3	21.8240375246
BARD1	20.8
PLK4	19.2058705849
ARL14EP	17.9833773338
PHC1	19.2058705849
GP6	20.5058036499
GP9	19.2058705849
GNPTG	19.2058705849
GJB2	11.87
GJB1	24.4
HNRNPK	23.7322440867
GJB4	19.6927297879
TCN2	19.2058705849
ARL2BP	NA
WDR60	19.2058705849
GJB3	19.2058705849
PAH	8.642
GJB6	24.5
MKS1	24.0
PPT1	8.885
CEP83	NA
PCDHB4	19.2058705849
CDKN1C	17.2159642075
GABRB3	19.2058705849
MESP2	19.2058705849
CEP57	19.2058705849
GPI	19.4081539362
SETD5	19.2058705849
MOCS2	19.2058705849
CDKN1B	24.1496091202
KIAA1033	21.583126517
CHM	36.0
PYGM	22.6
PYGL	31.0
WDR45	20.9991762861
LYST	19.2058705849
PHF6	18.6296199664
PHEX	28.2
FARS2	19.2058705849
PHF8	19.2058705849
IFIH1	19.2058705849
MCEE	15.06
AIFM1	19.2058705849
ADAMTSL4	19.2058705849
TCTN3	19.2058705849
TCTN2	19.2058705849
RARS	19.6114224017
ADAMTSL2	7.34520575769
TCTN1	19.2058705849
C1QTNF5	29.292623405
COL10A1	19.2058705849
TIMP3	32.3892026864
TK2	22.2132587601
TEAD1	14.9019933573
EDARADD	27.6770168234
WDR36	19.5910955551
TPI1	8.67482621067
ELMOD3	38.2004180787
WDR34	19.43
WDR35	9.9309500557
FAM126A	19.5910955551
HADHB	10.8062278413
HADHA	16.23
ZEB2	20.5
TUBB2B	25.3
COL2A1	13.91
ZEB1	19.2058705849
TUBB2A	31.8506671592
EXOC4	9.34297719207
ANGPTL3	19.2058705849
RARB	20.2856167126
GARS	31.8596652653
CEP63	19.2058705849
MOCS1	15.3849434151
GRN	19.2058705849
NBAS	19.2058705849
NFIX	NA
AP5Z1	19.2058705849
WDR45B	28.0809184688
ADCY1	19.7943640206
ASCL1	15.6946013432
FGD1	25.3
PAPSS2	23.8
ADCY6	19.7943640206
ADCY5	21.8067218291
FGD4	19.2058705849
SLC17A9	19.2058705849
EPCAM	19.2058705849
NSD1	13.44
GSC	28.2155523506
UBN1	19.2058705849
SLC17A5	27.1
SLC17A8	19.6317492482
LDLR	0.085
BCHE	19.2058705849
GABRA1	23.6
RSPH4A	19.2058705849
GSN	14.6444570652
CDKN2A	24.0
TPK1	27.273115178
IL10RB	19.4894613224
IL10RA	19.2058705849
GSS	12.937629472
GLYCTK	19.6927297879
WDR19	20.3228620309
ECEL1	19.3878270896
KIAA0196	7.67259973857
ELP4	19.6927297879
TUBB4A	22.7763435259
WDR11	21.0139748136
GNMT	20.3431888775
SMOC2	7.45879142452
GATM	18.9796680591
OSTM1	19.3675002431
IGLL1	19.2058705849
CLCF1	10.4253817819
SMOC1	19.5910955551
VMA21	NA
PLP1	26.1
CEP41	19.2058705849
ZNF335	20.2212277982
KLKB1	NA
NUCB2	10.2048919581
MTFMT	19.2058705849
POGLUT1	19.2058705849
TPMT	19.4081539362
PROS1	19.2058705849
CEP19	19.3878270896
CEP120	19.3675002431
TNC	19.4081539362
PARK7	59.9420510135
TNF	19.2058705849
PARK2	19.4081539362
FGF3	19.2058705849
FGF5	58.0979543048
RIMS1	19.2058705849
FGF8	27.8116507052
SALL1	19.2058705849
FGF9	22.1974178341
SALL2	19.2058705849
MPC1	29.1579895232
SALL4	19.2058705849
CFL2	19.0065948355
LAMP2	0.002
PAPOLA	56.4810289298
SLC39A5	19.3675002431
TXNL4A	21.9012232942
SLC39A4	19.2058705849
RARS2	17.1870697137
USP8	19.3878270896
MAP2K1	23.8
MAP2K2	22.9
COL27A1	8.14698693537
CEP135	19.7740371741
TPM3	32.3892026864
TPM2	NA
TPM1	14.52
DYRK1A	21.2549806615
DYRK1B	22.4368540721
KERA	19.2058705849
VRK1	19.2058705849
THOC2	19.2058705849
LEMD3	19.6927297879
THOC6	19.5097881689
EDAR	32.0
KAT6B	19.2058705849
KAT6A	19.2058705849
SLCO2A1	19.3675002431
SNRPE	NA
STAMBP	19.4081539362
ADNP	19.2058705849
SNRPB	30.9082299866
SLC26A2	23.9
MAGEL2	NA
SLC26A1	19.2058705849
UBR1	19.6927297879
KNG1	19.2058705849
MTM1	6.92
ORC4	12.8039992757
TPO	19.2058705849
ORC6	19.8146908672
ORC1	19.2058705849
TTC21B	19.550441862
DVL1	20.1195935654
SMN1	NA
MPDZ	19.2058705849
SRGAP1	7.67928124839
EIF2B5	9.78
TRAPPC2	25.2670703392
FANCI	19.2058705849
COA3	16.9866244193
EIF2B4	20.0992667189
EIF2B3	36.6569893117
EIF2B2	30.1004266958
FANCM	19.2058705849
FANCL	15.5901888682
OSBPL2	19.3878270896
FANCA	19.2058705849
SLC4A11	19.2058705849
FANCC	11.23
PHKB	12.3964271771
TRAPPC9	34.0
FANCE	19.4488076293
FANCG	19.3878270896
GFAP	19.3675002431
FANCF	19.2058705849
RAX2	19.1247075598
REEP1	31.985301041
LHX3	19.2058705849
SYNJ1	19.2058705849
REEP2	20.7972254634
SLC26A8	19.2058705849
PLEKHM1	19.2058705849
TPP1	14.63
LHX4	14.8464078879
SLC26A4	0.763
DRC1	19.2058705849
SLC26A3	19.2058705849
SLC26A5	19.2058705849
BMPR2	20.5261304964
MCM8	19.3878270896
MCM9	19.2058705849
CEP164	19.2058705849
UFSP2	19.6317492482
TCIRG1	19.3675002431
MTO1	19.4691344758
SYNE2	19.2058705849
FTCD	23.5
SYNE1	19.4081539362
KBTBD13	19.2058705849
THBD	19.2058705849
ADAMTS2	19.2058705849
PSTPIP1	19.4081539362
UBTF	19.2058705849
IDH3B	19.2058705849
HMGCS2	23.9
SERAC1	19.2058705849
GAL3ST2	19.3878270896
EIF2B1	19.5707687086
LBR	19.2058705849
COA6	NA
PRKG1	14.4021160779
TNPO3	23.2702547807
TPRN	19.2058705849
COA5	29.0233556414
CCDC39	19.4081539362
ADSL	6.587
CR2	19.2058705849
PROP1	26.1
TRPC6	20.952994274
UGT1A1	19.2058705849
TRPC3	9.48328889817
CKAP2L	19.2058705849
PLEKHG5	20.1602472585
AVPR2	21.8
APOA1	19.2058705849
APOA4	19.2058705849
BPGM	10.7795018021
SMC1A	23.6
APOA5	7.60578464043
DNAJC3	33.3028713851
POLR1A	19.2058705849
DNAJC6	19.2058705849
LCK	19.6114224017
DNAJC5	20.6760549698
POLR1C	13.9331744343
CRH	52.6859313555
POLR1D	13.8529963165
LCT	19.2058705849
CCDC40	19.2058705849
CATSPER1	19.2058705849
CEBPA	NA
SMPX	NA
HDAC1	13.9174341034
CRX	19.2058705849
PLG	19.2058705849
PDHB	29.4209141831
TULP1	19.2058705849
NOD2	19.2058705849
NLRC4	19.2058705849
HDAC8	20.8780057925
THSD1	25.9
HDAC6	19.2058705849
COCH	21.5018191308
TTN	12.06
LMF1	19.2058705849
DNAJB2	11.9821735686
TTR	22.1
PLN	24.5
DNAJB6	7.0178117768
RAB23	19.2058705849
VPS53	43.5255814005
IL21R	19.2058705849
XIRP1	19.2058705849
POLR2F	19.4284807827
RAB28	52.1380475507
SLC13A5	19.2058705849
BCO1	NA
ALOXE3	8.88195301491
STOX1	19.2058705849
FKTN	31.0
SLC35A2	55.8863745564
TUB	8.84186395602
MGME1	19.7130566344
FKRP	9.882
SLC35A3	22.1570276696
CEACAM16	19.2058705849
TRPA1	19.6520760948
ASCC1	19.2058705849
CEP152	24.3
APOC3	14.2270920316
GFER	20.0992667189
OTOGL	20.1805741051
ASXL1	22.9
MFAP5	19.7537103275
BCKDK	19.8756714068
POLR3A	20.1469785613
FRAS1	25.4
POLR3B	13.9174341034
PSAT1	19.2058705849
KIAA0586	19.2058705849
P2RX2	19.2058705849
VAPB	29.4272572868
APOC2	19.2058705849
P2RX1	19.2058705849
LEP	70.5790146374
ASXL3	19.2058705849
CTH	19.3878270896
RAB18	NA
TLL1	19.8959982534
BCOR	35.0
ISCA2	23.1263916186
PANK2	19.6317492482
C12ORF57	NA
IL1RN	19.2058705849
MTRR	19.2058705849
TRAF3IP2	19.2058705849
GFI1	19.7537103275
MLC1	19.2058705849
CISD2	32.3892026864
AQP5	44.0400576562
AQP2	24.2
HS6ST1	66.0021804148
GBA2	19.2058705849
AQP1	28.7540878778
NIPAL4	19.3675002431
NFU1	29.6965250504
RPS6KA3	70.0578568719
RPS17	NA
PNP	65.2204437666
RPS19	NA
PPP2R1B	19.6724029413
PPP2R1A	24.7150714238
FTH1	28.7540878778
DAG1	19.2058705849
LONP1	19.2058705849
PDK3	23.8264878039
RPS10	31.985301041
C12ORF65	NA
SIL1	34.0
IFITM5	19.4488076293
DYNC2H1	22.9
PDHX	19.4691344758
CPT1A	23.2
COG8	19.4691344758
COG7	21.2782238188
COG6	23.5
KRT4	19.5707687086
KRT3	19.2058705849
KRT2	20.1805741051
COG4	60.3095340533
TINF2	19.2058705849
KRT1	19.2058705849
SLC35C1	19.2058705849
KRT8	45.2560924423
ESCO2	0.083
KRT5	10.7795018021
CPT1C	19.4081539362
KRT9	19.2058705849
MAPK8IP1	20.6146842483
POR	NA
CIRH1A	19.3675002431
CYP2U1	19.2058705849
KARS	19.8146908672
SUCLG1	24.8
SIK1	19.2058705849
OBSL1	27.2
CFTR	5.176
RTEL1	NA
SLC22A5	21.6
SLC35D1	46.632483464
STXBP1	9.75
MTTP	19.2058705849
LHB	19.2058705849
STXBP2	7.1113529142
TWIST2	NA
TWIST1	42.9376085369
LIAS	19.2058705849
APCDD1	19.4691344758
TRPM1	0.001
CD79B	19.2058705849
ATP6V0A2	24.5
ATP6V0A4	19.4284807827
TRPM6	19.2058705849
TRPM4	19.2058705849
SPTBN2	26.481049865
SH2D1A	19.2058705849
PYCR1	19.2058705849
KLHDC8B	8.2605726022
PYCR2	19.2058705849
TYR	21.6
RPS26	NA
RPS28	NA
RPS29	16.5427947985
ADCK4	12.0088996079
ADCK3	19.2058705849
TDGF1	19.2058705849
RPS24	30.7104455772
ROBO2	9.22939152523
ROBO3	29.140290771
COL18A1	35.0
GFM1	19.3675002431
TENM3	15.7619182841
C2CD3	19.2058705849
GFM2	19.5301150155
GBE1	8.42092883774
HBB	0.001
HBD	19.2058705849
MAGT1	19.2058705849
MEOX1	19.2058705849
SLC22A12	19.2058705849
SLC22A18	19.2058705849
PRX	19.2058705849
SH3PXD2B	19.2058705849
CHMP1A	30.7735961048
HRAS	23.1
ERMAP	19.2058705849
FEZF1	20.4041694171
EDN1	19.2058705849
EDN3	19.2058705849
GP1BB	19.550441862
TUBB	NA
GP1BA	19.2058705849
CYP7B1	19.2058705849
TOPORS	19.3675002431
ALDH5A1	19.5910955551
CLDN14	22.0506439877
CLDN19	14.1597750907
CLDN16	19.2058705849
TLR4	19.2058705849
MATN4	7.05121932587
MATN3	7.85968201336
SDCCAG8	21.766068136
RAB7A	22.0493205642
GUCY2C	19.2058705849
AMER1	19.2058705849
C1QA	19.5301150155
CSTB	24.8
CSTA	51.2427252357
GUCY2D	22.9
PTH	23.9888467044
HDC	19.2058705849
NOL3	19.4691344758
PTS	45.5033083054
TYMP	19.2058705849
CST3	31.7193535592
PURA	3.426
NT5E	7.87304503299
SEPN1	25.8
PDPR	21.176589586
LMNA	14.11
KISS1R	19.6114224017
DUOX2	21.9083560619
LHFPL5	15.9234789423
GRHL3	19.2058705849
MLH1	10.78
VAX1	67.1113110439
GRHL2	22.0111197994
COLQ	20.7293989619
MLH3	19.2058705849
SLURP1	19.4488076293
PDP1	19.2058705849
CD40LG	26.6
PRKRA	33.0623720954
MT-RNR2	NA
MT-RNR1	8.395
SAA1	19.2058705849
MEGF8	19.4488076293
FCN3	55.8863745564
NDUFA13	63.2894874303
NDUFA11	19.2058705849
NDUFA12	18.9123511182
HFE	21.8880292153
ROGDI	68.1669895945
NDUFA10	19.2058705849
HOXA13	31.8506671592
COMP	29.9955240271
BMPER	7.84631899374
ARHGDIA	8.51446997514
NARS2	14.08684916
SACS	26.5
TRAPPC11	58.3852592268
HADH	19.2058705849
CHRNB2	23.0466594686
GUCY1A3	19.3675002431
NANOS1	63.5500663131
CHRNB1	54.0823669066
SZT2	19.2058705849
PHYH	19.2058705849
HGD	24.3
LIG1	19.4894613224
IL11RA	19.2058705849
HGF	19.3675002431
PUS1	19.2058705849
WNT5A	18.2093407153
ALG14	19.2058705849
ALG13	19.2058705849
LIG4	19.2058705849
LIFR	21.7
ALG12	19.2058705849
ALG11	19.4488076293
LZTFL1	19.2058705849
TUFM	21.2375701257
PRPF4	13.5620006555
MYCN	19.2058705849
PRPF6	35.5211326433
FAM161A	34.0
FANCD2	19.2058705849
PRPF3	26.7884332035
SPECC1L	19.3878270896
CHMP4B	23.3283424413
MATR3	55.6324771835
LPA	19.2058705849
XPR1	19.6114224017
CHRNA1	19.2058705849
COPA	7.65923671894
CHRNA2	19.2058705849
CHRNA4	24.9
CABP4	19.2058705849
LPL	19.5707687086
FBLN1	8.42092883774
PRPF8	19.8553445603
FBLN5	15.0483587106
FAM83H	19.2058705849
EFNB1	19.2058705849
EMG1	45.0021950694
NLRP7	19.2058705849
LARGE	23.5
CDH23	0.004
NLRP3	19.2058705849
NLRP1	19.2058705849
AMELX	53.8685585926
DARS	68.7015103796
PNPT1	19.3878270896
UQCC3	NA
UQCC2	26.1287271827
CBX2	19.2058705849
IDH1	19.3027893754
IDH2	22.1929319135
TRPV3	7.84631899374
COQ9	19.4691344758
COQ6	31.7193535592
COQ4	21.1969164326
SELP	19.2058705849
GRHPR	17.4044516421
SEPSECS	13.331838551
DIAPH1	33.663672915
COQ2	19.2058705849
AMACR	19.2058705849
PRPH2	20.8
TRPV4	19.3878270896
CHMP2B	31.7160332774
PI4KA	19.3878270896
MYF6	20.9857128979
SKIV2L	19.3878270896
BMPR1B	11.5545569405
FGFR4	20.0789398723
FGFR3	19.3675002431
FGFR2	34.0912895431
BRWD3	19.4488076293
BMPR1A	9.689
FGFR1	26.0
GPSM2	15.977332495
KDM5C	25.9
THRB	16.8524527267
MEGF10	20.9688042684
THRA	21.0530298388
SLC40A1	19.2058705849
SIX1	25.5363381028
DBH	19.3675002431
OPLAH	19.3675002431
NR2E3	11.65
HK1	19.2058705849
MFSD8	22.9
FLCN	22.9
SEPT9	8.23384656295
SPRED1	19.2058705849
SIX6	19.2058705849
CASP8	19.2058705849
SIX5	19.2058705849
TRPS1	9.99776515384
DBT	12.32
SIX3	13.5924174338
CYP2R1	19.2058705849
C15ORF41	NA
RNU4ATAC	NA
KDM6A	19.2058705849
HGSNAT	23.6
DCC	21.5018191308
RHBDF2	19.2058705849
AXIN2	19.2058705849
POMGNT2	12.3964271771
POMGNT1	12.81
DCN	25.1189730692
DNM1	29.4272572868
DNM2	24.2
ALDH1A3	19.4081539362
ZAP70	19.2058705849
MYH2	21.3798580515
MYH3	55.6792477522
COL6A2	16.46
RASA1	22.7824104635
COL6A1	16.63
RFT1	19.4488076293
TMEM5	19.2058705849
DCX	17.46
CASQ2	23.8
MYH8	10.5723749978
MYH9	51.80397206
COL6A3	0.046
CDH15	19.2058705849
CASQ1	19.8350177137
MYH6	34.7393959951
MYH7	22.6
COLEC11	19.2058705849
DDC	13.044533629
BRAT1	19.2058705849
NRXN1	19.4081539362
LEF1	20.1375194426
ETFDH	8.016
ATP1A3	42.5433994578
ATP1A2	31.0
ATP1A1	24.5535107656
RNF113A	69.7705519499
PDE11A	20.1602472585
CHSY1	27.9376190044
ALDH1B1	16.2717028692
GNA11	15.6407477905
POC1A	48.9843749185
PDSS2	20.770052655
POC1B	19.2058705849
MAPK1	25.0516561283
PDSS1	19.3878270896
SNCB	21.6992724715
BUB1	19.2058705849
SNCA	21.8742965178
OPCML	32.5238365682
CRYGS	19.4081539362
LIM2	8.42092883774
NOS3	12.2026633925
PDX1	23.3
CRYGC	19.5097881689
KISS1	21.2172432791
CRYGD	19.2058705849
MLPH	19.2058705849
DES	10.29
CRYGB	47.85519976
KANSL1	23.9
ATP13A2	19.2058705849
LPIN1	19.2058705849
LPIN2	19.2058705849
MT-ND6	NA
MT-ND4L	NA
MT-ND4	NA
MT-ND5	NA
PGAP1	19.2058705849
PGAP2	NA
PGAP3	16.5055557127
EHMT1	19.2058705849
RBPJ	70.2583021663
MT-ND2	NA
MT-ND3	NA
LIPA	19.2058705849
TSEN54	16.34
TMEM92	29.4944107911
MT-ND1	NA
MYLK	39.0
FAM134B	32.3674600111
LIPE	19.733383481
NSDHL	31.0
ZFYVE26	19.5301150155
LIPC	19.4284807827
ZFYVE27	23.530293264
LIPH	19.2058705849
LRAT	19.2058705849
MEF2A	19.2058705849
HES7	29.8311589322
CCBE1	14.5232865715
MEF2C	23.7
DICER1	19.3675002431
PDYN	19.3675002431
UPB1	19.4488076293
HSPG2	20.6480915757
AR	30.2828289491
RBP4	28.3501862324
DDX39A	29.5618911686
RFX6	20.4854768033
PRKAR1A	26.0210200773
RBP3	19.2058705849
MYL2	23.2
ETHE1	31.0428638684
MYL3	9.713
RFX5	19.6724029413
CYP2E1	19.2058705849
RBCK1	21.1969164326
UQCRC2	14.0133525521
HPD	16.5055557127
MTMR2	7.91981560169
ABCB1	19.3675002431
ABCB6	7.43874689508
ABCB7	19.2058705849
AIRE	0.009
DHH	19.733383481
ABCB4	23.5
CLCNKB	19.2058705849
CLCNKA	19.2058705849
SLC5A1	19.2058705849
AAAS	46.6926170523
SLC30A10	19.2058705849
SLC5A2	19.2058705849
GIGYF2	19.4081539362
C2	19.2058705849
SLC5A5	19.2058705849
HSD11B1	19.799540051
C3	19.2058705849
HSD11B2	19.2058705849
GHRHR	19.2058705849
GRIN2A	14.26
C5	19.2058705849
CYB5R3	49.0445085069
C6	19.2058705849
C7	19.2058705849
C9	19.2058705849
MYO6	34.0
HESX1	69.730462891
GPIHBP1	19.2058705849
ABCA1	20.3025351844
CTC1	19.2058705849
B3GALNT2	10.7527757628
PRRT2	25.4
ABCA5	19.2058705849
ABCA3	19.2058705849
LRBA	19.6724029413
PMM2	22.7
ABCA4	16.25
NR0B1	25.6
BBIP1	20.2586899362
ERLIN2	26.8422867562
LYZ	19.2058705849
FAM136A	60.1224517785
CP	19.2058705849
NR0B2	19.2058705849
GRIN2B	23.2
FLI1	19.4081539362
SETX	19.2058705849
COL1A1	9.677
CYP2C9	19.2058705849
FERMT1	20.1805741051
COL1A2	22.4
TMEM98	14.3617259134
TDP1	19.2058705849
DCHS1	19.7943640206
HRG	19.2058705849
HAMP	14.6444570652
EZH2	25.3
FERMT3	20.3808314048
LRSAM1	19.4894613224
PIGT	8.24720958258
PIGO	19.2058705849
PIGN	19.2058705849
HEXB	24.9
PIGQ	19.2058705849
HEXA	4.123
LRRC6	19.3675002431
PTH1R	8.27393562183
PIGW	19.2058705849
LITAF	20.4854768033
PIGV	19.2058705849
TRIOBP	19.2058705849
MYPN	26.3
PQBP1	18.3603522028
IKBKB	19.3675002431
NIPBL	3.875
LMBR1	54.6569767506
JPH2	19.2058705849
TUBA1A	14.12
TMEM43	7.291
FLVCR1	19.2058705849
FLVCR2	19.6724029413
CTLA4	14.3617259134
IKBKG	19.9976324861
CGNL1	19.2058705849
APPL1	9.56346701593
OFD1	23.0
TMC1	25.3
MYOC	19.2058705849
ELOVL4	19.2058705849
ARG1	19.2058705849
ELOVL5	7.21157556141
NSUN2	19.2058705849
RIPK4	19.2058705849
ROM1	19.2058705849
PGAM2	62.400846625
NIPA1	25.7113621491
TMC8	19.2058705849
RRAS2	69.0355858703
EMP2	15.3229284756
TMC6	19.2058705849
F2	19.2058705849
SUMF1	32.0
F5	19.2058705849
MRPL44	19.2058705849
PIGC	19.2058705849
F7	19.4691344758
F8	19.2058705849
F9	22.6197956911
MYOT	41.7416182802
PIGA	20.0586130258
KIF1BP_KIAA1279	NA
KCNMA1	24.3830557834
PIGM	19.9976324861
PIGL	19.2058705849
DLD	28.3
SLC29A3	24.8
KANK2	19.2058705849
FH	21.1
RNASEL	19.2058705849
IDUA	0.002
COL11A1	40.6057616118
COL11A2	29.6
TMEM70	22.9
UNG	57.5634335197
RECQL4	23.3
NTF4	NA
GLRA1	22.172605067
TUBA3E	55.6324771835
PROKR2	14.8552227886
SRPX2	23.2071100561
TCOF1	19.2058705849
TMEM67	23.9
UCP3	19.7740371741
AP2S1	NA
PMS2	9.549
FLNA	11.61
ANO10	19.9976324861
DMD	14.63
FLNB	50.6747969015
FLNC	40.9398371025
HARS	11.1803923909
LEFTY2	19.550441862
EVC2	19.2058705849
P2RY12	19.2058705849
TRMT10A	7.4454284049
SLC16A1	19.2058705849
GK	20.6491281934
PET100	31.0428638684
STAT1	14.9406516051
USP9X	20.4854768033
STAT3	25.9
GATAD2B	21.1156090464
PSMB8	12.363019628
TMCO1	31.0428638684
TTLL5	19.3878270896
LYRM4	60.2159929159
LYRM7	20.8914691807
MPLKIP	15.8965521659
MYLK2	0.001
NCF1	40.6057616118
NCF2	19.2058705849
ZBTB24	19.2058705849
NCF4	19.4488076293
F13A1	19.2058705849
ZBTB20	19.6317492482
HR	19.4081539362
TSEN2	19.2058705849
STK11	16.69
SMCHD1	19.3675002431
LEPR	19.2058705849
KPNA7	19.2058705849
PITX2	21.362687767
SLC16A2	27.4
PITX1	19.6114224017
PITX3	31.4467655138
EPM2A	24.2
VPS33B	21.6319555306
TNNI3K	20.4041694171
FOXP3	19.2058705849
FTSJ1	21.2953708261
TUBA4A	14.9810417697
FOXP2	10.064580252
FOXP1	33.0
MAF	22.3185883278
SLC9A6	7.322
FRMD7	20.139920412
MAK	19.2058705849
FSCN2	19.2058705849
ROR2	19.4894613224
IGFALS	19.2058705849
SNRNP200	21.9490097549
SQSTM1	19.3675002431
DSC2	22.0
DSC3	19.2058705849
RNASEH2C	18.2391817092
RNASEH2B	19.3675002431
RNASEH2A	19.2058705849
ARL6	17.1351838785
MAX	24.1
TACSTD2	19.2058705849
TNFRSF11B	19.3878270896
TNFRSF11A	19.5301150155
CYP19A1	7.53228803248
ACAT1	23.8
GLIS2	21.1562627395
SLC9A1	19.2058705849
SLCO1B1	19.2058705849
PORCN	19.9732593061
SLC38A8	19.2058705849
CPA6	19.2058705849
ZBTB18	19.5910955551
KL	19.2058705849
SRD5A2	NA
BDNF	10.3051146053
ZBTB16	19.2058705849
SRD5A3	34.0
GFPT1	20.2618814913
DCDC2	8.69487074011
B3GALT6	19.2058705849
EEF2	27.1519446844
MCC	21.0289378568
FOXN1	45.5033083054
AICDA	24.5
NFKB2	19.6520760948
TMIE	5.257
PTPRC	19.2058705849
GGCX	9.82404589868
LRIT3	19.2058705849
TUBGCP6	19.2058705849
TUBGCP4	52.8529691008
MYD88	19.4284807827
POMT2	23.5
SLC25A1	20.0789398723
CNTNAP2	34.0
CALR3	19.2058705849
CNTNAP1	7.29175367917
SLC25A3	21.2375701257
FLT3	19.2058705849
LRRK2	19.2058705849
FLT4	19.2058705849
POMT1	20.9
FHL1	15.2233827569
COX4I2	19.2058705849
WISP3	19.2058705849
PIK3CD	20.3838425706
FASLG	19.2058705849
MRPL3	19.2058705849
NADK2	19.9976324861
FCGR3A	19.2058705849
ATP7B	14.14
FCGR3B	19.2058705849
PRB3	19.2058705849
DSE	19.2058705849
ZNF644	19.2058705849
ATP7A	19.2058705849
DNM1L	19.7943640206
SPG11	19.2058705849
DIS3L2	19.8350177137
DSP	18.89
DST	19.4488076293
SIGMAR1	30.5043283412
FOXL2	21.066493227
VPS37A	31.4320486372
KCNJ18_FAM101B-VPS53	NA
DDOST	21.5627996705
NT5C3A	22.7214299238
SLC25A15	20.1602472585
CYP2A6	19.2058705849
HAX1	22.7824104635
PIK3CA	18.77
NPC1	15.56
NPC2	69.5634251457
SLC25A19	19.2058705849
IL1RAPL1	23.0263326221
DSG1	19.2058705849
DSG2	10.78
SLC25A12	19.7943640206
DSG4	19.2058705849
MET	23.5
SLC25A4	21.9281500705
AHDC1	24.2
SLC25A13	63.5500663131
NDUFB9	19.4284807827
SEC23A	23.0200277813
PRCD	51.5834822362
NDUFB3	49.2249092718
LRP5	20.3838425706
USH1C	16.17
ZBTB42	19.3878270896
LRP4	52.2516332176
KATNB1	23.2071100561
LRP2	19.2058705849
MFF	27.1024302777
HSD17B10	49.4587621153
LRP6	20.2212277982
PRIMPOL	19.3675002431
CECR1	19.2058705849
SLITRK1	19.3675002431
SH3BP2	7.67928124839
SLITRK6	19.2058705849
CCL2	15.3849434151
IARS2	19.2058705849
PCBD1	29.4272572868
D2HGDH	19.2058705849
SLC25A20	25.5
CNNM2	27.0173108026
FCGR1A	19.2058705849
SLC25A22	21.9693366015
SEC23B	27.5
SH2B3	66.9442732986
CNNM4	19.2058705849
CTHRC1	33.2293747771
NDUFA9	19.9366519465
SLC12A3	19.6114224017
CYB5A	30.7735961048
MMAA	36.0
PRRX1	25.6171184319
MMAB	23.4
SLC12A1	21.4611654377
NDUFA2	14.3886526897
NDUFA1	19.4081539362
CTNS	25.6
C2ORF71	NA
MERTK	26.7
MCOLN1	23.4
USH2A	7.275
DHODH	9.38306625096
SLC25A38	19.3878270896
PC	27.9
USH1G	19.3675002431
MGP	20.952994274
VIPAS39	7.62582916987
CCM2	19.2058705849
P4HB	19.2058705849
PVRL4	19.6927297879
SEC24D	19.2058705849
SPG21	19.4284807827
PVRL1	7.02449328661
SPG20	19.2058705849
KHDC3L	19.2058705849
EIF4A3	14.7387007824
FOXI1	19.2058705849
PRF1	19.2058705849
POF1B	19.2058705849
ADGRV1_GPR98	NA
IL12B	19.2058705849
KIF21A	9.04230925044
SLC12A6	31.0
EPHB2	16.354307364
SCN1B	22.2
SCN1A	11.52
TMPO	19.2058705849
SEC63	19.550441862
SLC34A3	19.2058705849
ACVR1	21.8339063533
SLC34A2	19.4488076293
ARSA	18.27
ENTPD1	19.2058705849
MUSK	19.5707687086
PHYKPL	19.7740371741
SLC34A1	19.5301150155
ANK2	9.935
HNF1B	0.015
HFE2	19.2058705849
HNF1A	10.6
TAS2R16	19.2058705849
ANK3	19.4488076293
ANK1	23.0873131618
THAP1	68.3741163988
STX1B	25.4959479382
GNPAT	19.2058705849
SPATA16	19.2058705849
MIP	19.4284807827
ZNF711	19.2058705849
MMADHC	19.2058705849
CCNO	12.937629472
EPHA2	29.5679073991
GCDH	18.99
FOXG1	18.63
PEX11B	19.2058705849
WNK4	19.2058705849
PCDH15	28.1
PIK3R2	19.2058705849
PIK3R1	19.3675002431
PCDH19	12.35
ZMPSTE24	38.2672331769
PIK3R5	19.2058705849
ANKH	8.46769940644
LARS	8.88195301491
SI	19.2058705849
PCBP1	19.2058705849
ATP5E	32.1199349228
TSPAN7	15.9504057186
DYM	23.8
SCN3B	30.5043283412
ARSE	19.2058705849
SCN3A	19.6927297879
ARSB	23.9
RBM10	22.172605067
CLHC1	19.2058705849
CTSA	19.4081539362
SURF1	20.7090721154
XRCC4	19.2058705849
IQSEC2	12.4966498243
CRADD	20.4651499568
FOXF1	21.5424728239
XRCC2	19.2058705849
PRG4	19.2058705849
RPE65	19.4488076293
ICK	19.2058705849
ANLN	19.3675002431
TF	19.2058705849
TG	19.2058705849
TH	19.550441862
WNK1	19.2058705849
COL9A1	40.6725767099
CD27	19.2058705849
COL9A3	46.5656683659
COL9A2	27.1692453758
SCN2A	21.0
CALM1	NA
CTRC	24.7839463722
CALM2	NA
VSX1	19.2058705849
AARS	13.7545271065
VSX2	9.12916887802
SCN2B	21.7261992478
FKBP10	19.3675002431
PCSK1	19.4081539362
FOXE3	69.8908191265
CD40	19.5097881689
FOXE1	7.10467140438
TNFRSF13B	19.2058705849
DNAAF5_HEATR2	NA
TECR	30.9082299866
SLC7A14	17.9420803227
KIF14	19.2058705849
PCSK9	22.0
CD3G	16.650501904
PTPRJ	19.2058705849
BRCA1	10.53
KIF11	19.2058705849
IKBKAP	19.4284807827
BRCA2	7.626
PEPD	10.2516625268
C5ORF42	NA
IER3IP1	32.7931043318
CD3E	19.2058705849
CD3D	19.2058705849
CHRDL1	18.8507656574
ARV1	NA
SPTLC1	20.6684184223
SPTLC2	7.70600728764
HYAL1	19.2058705849
HNF4A	9.047
CTSK	24.5
IDS	13.0
KIF1C	30.4966372632
KIF1B	37.5723561562
ACADM	13.9
CD36	11.9487660195
CTSF	19.4284807827
KIF1A	22.2539124532
CCR5	19.2058705849
ACADS	23.5
CTSD	23.1
AASS	19.3878270896
CTSC	19.2058705849
VKORC1	8.96881264249
ACAD8	32.0
CCDC114	19.2058705849
ACAD9	19.3675002431
HBA2	23.7457074748
KIF22	20.0179593327
HBA1	40.2650046113
OSMR	19.2058705849
ANO5	11.56
ANO3	19.3675002431
NR5A1	19.2058705849
MN1	19.4081539362
KIF2A	59.9821400724
ENAM	19.2058705849
BANK1	19.2058705849
CRELD1	22.0303171412
FOXC2	19.7537103275
FOXC1	19.4691344758
TMPRSS6	19.4284807827
TMPRSS3	4.338
CCDC103	18.469919598
SATB2	19.2058705849
AKR1D1	14.9271882169
IGHMBP2	19.2058705849
XIAP	19.2058705849
IBA57	19.2058705849
CRYBA1	21.0343016602
CRYBA4	31.985301041
STX11	19.8146908672
CPN1	14.7656275588
EXOSC8	32.0801550891
HSF4	10.2048919581
GPC3	19.2058705849
CD59	19.5097881689
EXOSC3	15.4565586719
CCT7	67.9130922216
PAK3	24.5131206011
GPC6	35.0935160152
CCT5	35.2338277213
BCAP31	23.382195994
NPM1	31.985301041
GCH1	11.1269403124
MOG	8.86190848546
NUBPL	7.9732676802
ERCC6L2	20.0586130258
CRYBB1	19.2058705849
GCGR	19.2058705849
HUWE1	19.9976324861
CRIPT	20.9857128979
CRYBB3	40.6057616118
CRYBB2	28.0809184688
AKR1C2	19.2058705849
DSPP	19.2058705849
MIB1	19.3878270896
PER2	19.2058705849
ALDH4A1	22.5994688445
NLRP12	19.2058705849
GFI1B	19.3675002431
XK	23.382195994
DPY19L2	19.2058705849
ZDHHC9	19.7394064627
IL17F	19.2058705849
TARDBP	15.3714800269
DPAGT1	19.2058705849
SCARB2	26.5
DCLRE1C	32.0
CD81	37.4320444501
MPI	9.34297719207
MPL	19.2058705849
IHH	19.5910955551
CPOX	19.3878270896
MPO	19.3878270896
CCND2	20.5548844762
KIF5C	15.5434182995
MPZ	19.2058705849
KIF5A	20.4651499568
SCN9A	21.0139748136
CAPN5	19.5097881689
NPPA	19.2058705849
DUOXA2	19.2058705849
SNIP1	19.2058705849
EP300	37.0
CAPN3	22.6
BANF1	NA
SBF1	21.9490097549
ARID2	34.0
RGS9	19.2058705849
SBF2	41.5411729857
PDGFRB	19.5301150155
KIRREL3	64.1246761571
PDGFRA	19.2058705849
CD96	19.2058705849
G6PD	21.4
G6PC	24.5
HFM1	19.2058705849
SLC30A2	19.2058705849
CYBB	23.2
CYBA	19.6114224017
RPGRIP1L	14.51
MAT1A	7.50556199322
MID1	22.4165272256
KLHL40	8.86190848546
PRLR	19.2058705849
KLHL41	19.3675002431
PDGFRL	19.2058705849
MID2	17.9833773338
DKC1	19.2058705849
CD8A	19.2058705849
SCN8A	24.0
GPD2	11.1002142732
DOK7	19.2058705849
SBDS	20.9733211205
GEMIN4	19.2058705849
MASP2	19.2058705849
MASP1	19.2058705849
CCDC151	9.79731985942
VCL	32.0
RTN2	18.6904094219
GCM2	19.2058705849
VCP	17.323671313
RBM8A	32.5077717172
NPR2	22.2132587601
CHAT	19.7943640206
SLC1A1	7.13139744364
PSEN2	28.7126741429
KLHL10	21.6441070567
SLC1A3	22.172605067
PSEN1	20.2212277982
RASGRP2	61.4988428002
FUT1	19.2058705849
NDRG1	11.6146905288
ADGRG1_GPR56	NA
SPTA1	21.5627996705
FUT6	19.2058705849
EBP	13.72
CYP11A1	19.2058705849
DEAF1	19.8959982534
NPHP1	19.2058705849
NPHP3	34.0
CAMTA1	19.6114224017
NPHP4	26.4
TAC3	22.2
CYC1	31.2850554212
WNT1	65.9554098461
PRODH	19.2058705849
NDUFV2	19.9163250999
VARS2	19.550441862
NDUFV1	14.3674725722
WNT3	19.7470811854
WNT4	48.8707892517
PRNP	20.7090721154
ZFHX3	19.8959982534
HBG2	20.5144943116
HBG1	19.5910955551
VDR	19.3878270896
SLC52A2	19.2058705849
SLC52A3	19.2058705849
ISG15	21.1607369443
DOLK	19.2058705849
PHOX2B	25.9402397482
PHOX2A	25.9133129718
BMP4	19.2058705849
QDPR	17.0544035494
GCLC	19.9976324861
PROC	19.2058705849
BMP1	12.4298347261
COL5A1	23.9
CPS1	23.2
CYP11B2	19.2058705849
CYP11B1	15.89
KIF4A	19.2058705849
COL5A2	15.8830887777
FAM175A	23.4
STT3A	33.331639859
CYCS	30.638962223
TAF4B	19.2058705849
TAB2	19.2058705849
STT3B	16.3184734379
RBM28	19.4488076293
DDX3X	23.9
EDA	0.036
LAMC3	19.2058705849
PRKCSH	19.2058705849
CHD8	19.550441862
CHD7	16.32
ATP2A2	58.1914954422
HMGB3	33.4662737408
MTR	19.2058705849
LAMC2	19.2058705849
ATP2A1	66.1291291013
DDX41	19.2058705849
CHD2	21.1359358929
SOBP	19.3878270896
AFF4	20.4944170716
GPHN	19.8817150672
RPGR	24.5
CPT2	18.82
GATAD1	10.6993236843
NUP62	19.2058705849
SCN5A	10.63
SCARF2	22.9043715428
BCKDHA	18.61
ARHGEF10	19.2058705849
DDX59	19.2058705849
POU1F1	15.1022122633
DDX58	19.2058705849
MMP2	54.7104288291
GLRX5	28.3501862324
BCKDHB	12.8
DARS2	19.4691344758
PLA2G4A	19.4894613224
PEX2	19.2058705849
PEX1	26.0
MASTL	19.2058705849
MUT	1.195
MMP9	19.2058705849
TRDN	19.956978793
PEX7	28.2
VCAN	19.2058705849
NDUFS8	19.7740371741
NDUFS7	68.0801299669
TBC1D4	19.2058705849
NDUFS6	70.4186584018
PEX6	26.2
CDHR1	24.6
IRF1	23.0456112895
PEX5	31.2115588133
TBC1D7	59.9420510135
NDUFS4	66.0890400424
NDUFS3	23.0725380658
IRF7	19.2058705849
NDUFS2	19.6520760948
RBM20	23.5
IRF8	19.2058705849
SCN4A	19.6114224017
NDUFS1	19.4488076293
IRF6	20.4202505944
SCN4B	18.0641576629
BLVRA	13.5189208258
MVK	19.2058705849
LAMA2	7.78
DCTN1	45.6302569919
LAMA1	19.2058705849
PNKP	6.239
LAMA4	19.4691344758
GOSR2	19.3675002431
LAMA3	19.2058705849
PARN	19.4691344758
SAMHD1	19.2058705849
CLN8	24.7
ATP2C1	30.7104455772
ACVR1B	19.3675002431
CLCN2	19.5301150155
AURKC	19.2058705849
CLCN1	19.2058705849
CLN6	25.4
PTHLH	67.6191057898
CLN5	26.0
INS	7.57237709136
ATOH7	14.5098231834
CLN3	23.9
HMGCL	25.5
CLMP	19.2058705849
MARVELD2	19.2058705849
SH3TC2	19.2058705849
BMS1	19.4691344758
APOPT1	15.3176264742
VHL	15.44
NAA10	NA
LAMB3	22.9
GALNT3	19.4691344758
LAMB2	20.9
EGF	19.2058705849
PLA2G2A	19.4488076293
ATP2B3	8.86190848546
LAMB1	19.7394064627
SOD3	19.2058705849
ACVR2B	13.6508590175
SOD1	26.0
RPIA	10.0913062912
CLCN7	19.2058705849
CLCN5	21.6847607498
PNKD	29.4944107911
CYP24A1	19.4691344758
CLCN4	22.9244407959
NPHS1	2.462
GLB1	16.46
NPHS2	28.0
MSMB_TIMM23B	NA
CCDC170	19.2058705849
TAF6	8.05344579797
VIM	17.996840722
MBTPS2	19.6114224017
TAF2	21.2985506653
TAF1	36.7973010178
RB1	25.6
RPL5	18.144937992
CLPB	19.6520760948
GLDC	19.3675002431
COL12A1	44.1670063426
SERPINE1	19.956978793
RAX	69.2360311648
DCAF8	22.6604493842
ABAT	28.3
ABCA12	19.2058705849
ABCA13	19.2058705849
ENO3	14.3674725722
GLE1	19.2058705849
GCSH	15.3310898623
GNAT2	33.1970059772
SOX17	19.2058705849
SOX18	20.8645424043
CLP1	22.412832045
MYC	20.6074378826
CYP1B1	19.2058705849
PLCE1	19.2058705849
HOXA2	8.2605726022
RTTN	19.2058705849
HOXA1	40.2650046113
MPV17	19.5707687086
GNAT1	19.5316669745
EARS2	21.1562627395
GPR179	19.2058705849
CUBN	19.2058705849
NKX2-6	19.2058705849
RPL21	NA
SERPINF1	19.2058705849
SERPINF2	19.2058705849
IFT80	13.298431002
SOX11	25.4555577737
HOGA1	50.0400534691
SOX10	19.8278615145
UNC13D	19.5301150155
TRHR	17.6871827938
RNF125	13.7141369419
BIN1	58.9999581297
CLPP	13.8635805507
SERPING1	19.2058705849
NHLRC1	24.0
HPRT1	24.2
HOXB1	19.2058705849
RPL26	17.2294275957
ANKK1	19.2058705849
RD3	20.4244962637
SRCAP	36.0
TERC	NA
MEFV	0.001
TERT	19.2058705849
RAD21	19.2058705849
SERPINH1	19.3878270896
PNPO	28.9
NKX2-1	67.6191057898
SLC19A3	19.2058705849
PLCG2	19.5910955551
CHST14	15.2427503578
NKX2-5	27.1
ELANE	19.2058705849
SLC19A2	19.2058705849
GRXCR1	19.2058705849
WNT10B	13.9443608798
WNT10A	20.245226548
ST14	19.2058705849
DNAH11	19.2058705849
GRXCR2	19.2058705849
ACD	19.2058705849
CHKB	20.2009009516
ACE	20.9733211205
ZNF141	19.2058705849
FZD4	19.4284807827
FZD6	19.2058705849
DNAH14	19.2058705849
RDX	45.3830411288
SLC16A12	19.2058705849
MTHFR	44.3006365389
UPF3B	19.2058705849
BRAF	23.0
INO80	28.852985849
CDC6	19.2058705849
SLC6A5	14.4694330188
FA2H	19.2058705849
GLUD1	63.730467078
CYLD	19.2058705849
FIBP	22.4801489859
GLUD2	19.3878270896
SLC6A8	21.8240375246
GIPC3	15.3580166387
UNC119	20.5818112525
REN	19.2058705849
SERPINI1	19.2058705849
ADA	12.2962045299
CDK16	19.2058705849
RET	16.19
MYOM1	19.3675002431
ITK	19.2058705849
TRMU	19.3675002431
SERPINA3	19.2058705849
SERPINA1	22.9
ELN	7.228
OGG1	19.2058705849
CLTC	19.5723687173
ADK	19.4691344758
FMN2	19.3675002431
SERPINA6	19.2058705849
SLC6A1	27.6770168234
SERPINA7	19.2058705849
SLC6A2	19.5097881689
ING1	19.2058705849
SLC6A3	19.2058705849
GLI3	19.2058705849
GLI2	19.2058705849
LFNG	19.2058705849
CSRP3	22.5
OPN1LW	20.8310331947
TRIM2	14.9821714751
LDLRAP1	24.2494255871
EMD	17.64
RSPO4	15.810678692
SSR4	21.6454189188
IFNGR1	19.2058705849
SLC2A10	19.2058705849
TNNC1	23.8
IFNGR2	19.2058705849
TCF12	33.0
PAX4	42.3429541634
TACR3	24.6
PAX3	8.37415826904
PAX6	22.9
SERPINB7	19.3878270896
BAAT	19.2058705849
TMEM173	19.2058705849
PAX2	20.2721533244
PAX1	19.4894613224
SERPINB6	19.2058705849
RNF168	19.2058705849
MRAP	20.139920412
PLCB4	19.2058705849
INF2	19.3675002431
PAX8	33.8039846211
OPN1MW	NA
IVD	18.5
PAX9	24.3784867193
B3GLCT_B3GALTL	NA
RGR	20.5871110361
ENG	19.2058705849
SF3B4	NA
OCA2	22.9
ASAH1	19.2058705849
CTDP1	19.2058705849
SERPINC1	19.2058705849
RPL11	30.638962223
HOXD13	21.362687767
AFP	19.2058705849
HOXD10	19.6317492482
TMEM165	56.4810289298
RHD	19.2058705849
RNF135	19.2058705849
LMAN1	19.2058705849
CHRND	37.4320444501
CHRNG	22.8
SRP72	19.3878270896
CHRNE	42.4097692616
CHN1	65.6079713358
RHO	10.0244911931
GCNT2	21.362687767
SC5D	19.2058705849
AGA	24.2
BRD7	7.09130838475
WWOX	19.3878270896
F10	19.2058705849
BRF1	19.2058705849
SERPIND1	19.2058705849
AGK	11.9487660195
AGL	13.46
NDE1	22.9
F12	19.2058705849
ADGRG6_GPR126	NA
CARD9	19.2058705849
F11	14.99
TRMT1	19.550441862
FMO3	19.3675002431
GTF2H5	15.1022122633
LRPPRC	19.2058705849
ADAT3	19.2058705849
AGT	19.2058705849
POU4F3	69.6502847732
FIG4	23.9220316062
GPR143	19.2058705849
NMNAT1	19.550441862
AGBL1	19.2058705849
ALMS1	13.48
RLIM	29.9220274192
HYLS1	19.2058705849
MSRB3	19.2058705849
RHAG	19.2058705849
PLCD1	19.2058705849
CHRM3	19.2058705849
DGKE	19.3675002431
CSF3R	19.2058705849
ATP8A2	14.8552227886
IRS1	19.2058705849
TUSC3	40.057877807
FMR1	20.3798604298
ITGA2B	19.2058705849
GUCA1B	19.2058705849
GUCA1A	56.8284674402
EPX	19.2058705849
BEST1	27.7
ABHD12	19.2058705849
CDH3	19.2058705849
NAGLU	27.0
CDH1	7.816
IYD	19.2058705849
TUBB3	22.80273731
TUBB1	19.3675002431
NBN	7.809
LZTS1	25.9999811584
GYG1	28.852985849
MEN1	12.25
TECTA	20.0382861792
RNF43	19.2058705849
LHCGR	19.2058705849
RPS7	NA
GPT2	19.2058705849
AIP	21.176589586
TAP1	19.3675002431
RPSA	23.6918539221
MITF	19.2058705849
BSCL2	19.3675002431
CACNB2	25.2
CACNB4	38.6881682952
STIM1	8.05344579797
ERF	19.2058705849
NHP2	17.2563543721
ADAM9	19.2058705849
MAD1L1	19.2058705849
NOTCH2	19.7943640206
NOTCH3	14.0467601011
CSF1R	19.2058705849
CUL7	27.1
DNMT1	19.2058705849
NOTCH1	26.3
FECH	53.1803630817
CUL3	30.5043283412
ANKRD11	19.2058705849
AK1	16.5831849631
AK2	14.3273835133
ILDR1	19.2058705849
ITPR1	22.172605067
MRI1	19.6114224017
ITPR2	13.6258249828
ABHD5	19.2058705849
CYP4F22	23.2499279342
NEUROD1	19.2058705849
ZFP57	19.2058705849
BAG3	23.8
CLEC7A	19.2058705849
PSAP	7.0178117768
ABL1	19.2058705849
RNF170	22.4801489859
NDP	24.5
IMPG1	19.2058705849
IMPG2	21.9
STRA6	19.4691344758
MPDU1	19.6927297879
ANKRD26	19.2058705849
TOR1A	21.7254144429
WFS1	21.4
ATP8B1	19.3675002431
ESRRB	10.1848474286
ASNS	19.3675002431
NEB	25.7
DHCR24	54.2894937109
PALB2	16.01
CDK6	15.4118701914
MAFB	17.1336176352
CDK5	29.8311589322
CDK4	18.2930352619
ALB	19.2058705849
NF1	18.43
DHCR7	11.86
NF2	32.3674600111
LZTR1	14.1269382189
GPR101	19.2058705849
WRAP53	19.2058705849
ALK	19.6724029413
TREM2	19.2058705849
PTPN23	19.2058705849
SGCE	37.0
SGCD	21.9
SGCA	23.6
GM2A	19.7740371741
OPA1	8.885
SGCB	21.8
OPA3	29.8311589322
CNGA1	19.2058705849
DNMT3B	44.4275852254
ZNF526	19.2058705849
HYDIN	19.2058705849
CNGA3	24.5
SOST	19.4239598691
SLC37A4	0.308
INSL3	16.2331368704
AMH	19.2058705849
SGCG	23.9
IQCB1	28.5
AMN	19.2058705849
VWF	19.6724029413
GPX4	NA
CHUK	19.2058705849
ELAC2	19.3675002431
DNMT3A	20.0586130258
AMT	38.3407297848
NGF	19.2058705849
ADRA2B	19.2058705849
COASY	22.8637178497
METTL23	17.8891336165
ASPM	25.8
RP1	24.1
EVC	19.2058705849
SARS2	22.5384883049
RP2	69.155853047
EFHC1	19.2058705849
CNGB3	25.1
ANG	19.2058705849
RP9	14.4877397489
ZNF513	36.5834927037
SOS1	17.41
ASPA	24.6
SOS2	22.8840446963
CNGB1	26.0
CX3CR1	19.2058705849
SLC24A4	21.5424728239
SFTPA2	19.2058705849
SEMA3A	20.4651499568
TYRP1	19.3675002431
SEMA3E	19.2058705849
DCAF17	18.3095633625
PUF60	14.1193849261
NHS	27.2
RBBP8	19.2058705849
TNNI2	13.706058909
TNNI3	16.19
SMARCE1	30.2350605776
SEMA4A	20.5058036499
KCNJ10	24.7
KCNJ11	23.2
IRX5	19.2058705849
KCNJ13	21.2011271088
DDHD2	19.2058705849
RPL35A	19.7874713499
PTPN11	21.9
PTPN12	19.2058705849
ASS1	1.336
KLF1	19.4894613224
RPGRIP1	23.9
KLF6	14.2674821961
NIN	19.2058705849
RAD50	18.61
RAD51	17.0678669376
APC	22.8
GLRB	14.3213357488
IMPDH1	15.2906996978
SPAG1	19.2058705849
C4ORF26	NA
MMACHC	23.2
PFKM	19.3675002431
FOLR1	19.2058705849
CUL4B	23.5168298758
APP	17.5794756884
SLC46A1	19.2058705849
HPSE2	7.27170914973
GORAB	19.2058705849
ANTXR2	19.2058705849
ANTXR1	11.2672520185
SOX2	24.6881446474
RS1	20.1509828308
EDNRA	20.0382861792
EDNRB	20.0992667189
CHEK2	12.66
SOX9	12.8039992757
MYOZ2	61.0912707015
GLUL	10.1380768599
B2M	NA
P3H1_LEPRE1	NA
EYS	27.5
CDON	19.2058705849
MCCC2	9.798
SLC6A19	19.3675002431
SLC6A17	7.03785630624
SP110	19.2058705849
MCCC1	10.01
SLC11A2	21.4565544849
ACSL4	21.7050875963
RUNX2	15.9100155541
RUNX1	43.1313723215
CYP27A1	19.3675002431
AFG3L2	20.0179593327
AKAP9	19.2058705849
COL8A2	9.82404589868
WDPCP	19.2058705849
PFN1	19.5707687086
ZFPM2	19.3675002431
ALDH7A1	23.1
GYPA	19.2058705849
IGSF3	21.3392043584
MAOA	19.5301150155
HEPACAM	21.1969164326
IGSF1	19.4081539362
TSHZ1	19.2058705849
ARX	18.43
KLK4	19.2058705849
UMOD	19.2058705849
SLC6A20	8.62805564197
CYP27B1	19.7943640206
DGUOK	19.5097881689
OTOA	23.5
PTDSS1	55.2716756535
SPAST	19.7130566344
DPH1	20.8485370918
INPP5E	19.3675002431
OTOG	19.2058705849
OTOF	8.628
ASL	11.48
FADD	58.6257935801
CDT1	19.2058705849
CDSN	19.2058705849
DTNA	7.05121932587
BCL11A	54.3429457894
INSR	19.6927297879
TREX1	19.3675002431
SLC33A1	19.2058705849
GDF2	19.2058705849
RAB39B	NA
GDF1	19.2058705849
GDF3	19.2058705849
GDF6	19.2058705849
ACADSB	19.2058705849
GDF5	8.37415826904
CIDEC	19.2058705849
LACC1	19.2058705849
OCLN	19.4488076293
CDAN1	19.3451973836
STAR	7.72605181708
CCDC88C	19.3675002431
SPRTN	19.2058705849
PDE3A	19.2058705849
ATM	12.89
ALDH18A1	56.0333677723
ITM2B	20.8106888516
NODAL	19.2058705849
BAP1	19.2058705849
ATR	19.2058705849
RYR1	0.144
ACVRL1	19.6520760948
INVS	19.2058705849
RYR2	22.9
CLIC5	19.3675002431
GDI1	20.7433719107
FASTKD2	19.2058705849
HCCS	19.2058705849
VLDLR	13.6659140417
GYS2	19.6114224017
C21ORF59	NA
GYS1	38.407544883
HINT1	32.1199349228
UCHL1	24.2438528375
EPB41L4A	15.6770484957
AUH	20.55455066
NNT	20.8107063481
KRT25	8.51446997514
ANKRD1	29.0
DLAT	19.6317492482
CLIC2	19.3675002431
CC2D2A	23.6
MANBA	19.2058705849
NOG	35.7349409574
AMPD1	21.8
AMPD2	42.7371632424
AP3B1	19.2058705849
IL17RD	21.0
TUBG1	32.1199349228
IL17RA	19.2058705849
RAB33B	24.7150714238
RAD51D	23.6
RAD51C	11.27
BBS10	8.931
BBS12	19.2058705849
TNNT1	46.632483464
PACS1	19.3675002431
TNNT2	17.35
NME8	19.2058705849
TNNT3	31.1774977502
FAM20C	19.6724029413
RDH5	19.2058705849
ALDOB	26.0
AVP	19.2058705849
MAPT	19.2058705849
FAM20A	19.2058705849
ALDOA	45.9442879532
UMPS	19.4081539362
KPTN	19.3878270896
RAPSN	25.3
TNXB	19.2058705849
SLC20A2	19.2058705849
WAS	23.3
CXCR4	19.2058705849
ALOX12B	22.5384883049
RAD54B	19.2058705849
PTCHD1	15.5061139087
RAD54L	15.156065816
SHOC2	20.8914691807
CTNNA3	13.7545271065
CORIN	19.2058705849
RANBP2	19.2058705849
CA12	19.2058705849
NQO1	19.6520760948
STAC3	18.1987915447
KRT13	21.4408385912
KRT12	10.8062278413
MTSS1L	38.9621101975
KRT10	9.58351154538
FAH	23.0
C19ORF12	NA
KRT18	55.5322545363
KRT17	22.8433910031
KRT16	20.2004306398
MARS	19.2058705849
DLC1	19.2058705849
KRT14	19.2058705849
CTNNB1	26.2633610645
FAS	19.2058705849
RAB3GAP2	19.3878270896
TRIP11	19.2058705849
PRPF31	27.2
GHRL	20.7090721154
B9D1	NA
B9D2	32.9277382136
RAB3GAP1	19.2058705849
TJP2	20.4854768033
NEUROG3	19.2058705849
DFNA5	19.2058705849
STEAP3	19.8146908672
GALNT14	19.6317492482
ANOS1_KAL1	NA
CIB2	16.3677707522
NRL	19.5316669745
ESPN	20.3228620309
EFTUD2	23.907268133
POGZ	34.0
PDE8B	16.9601598321
KRT6C	19.2058705849
KRT6B	19.6317492482
PSPH	19.8553445603
KRT6A	19.9163250999
KRT71	10.5456489586
ABCG8	19.2058705849
GHSR	19.2058705849
ABCG5	19.2058705849
PAM16	NA
TSC2	0.015
KCTD1	31.5813993956
TSC1	22.0
OCRL	24.5
TRNT1	19.2058705849
KCTD3	19.7740371741
PRSS56	19.2058705849
KRT74	19.2058705849
KCTD7	19.96
ALDH3A2	23.6
DPM1	NA
DPM2	16.125429765
DPM3	60.4966163281
COL4A2	19.8959982534
COL4A1	19.3675002431
TMEM138	24.3919501075
COL4A4	13.72
COL4A3	20.7090721154
EOGT	19.2058705849
COL4A6	19.2058705849
COL4A5	22.6807762307
AIPL1	19.405330972
LMX1B	32.5238365682
ISCU	30.638962223
H6PD	19.2058705849
HPCA	31.7160332774
LTBP4	21.1156090464
LTBP2	19.3675002431
CSF2RB	19.2058705849
LTBP3	19.8350177137
STK4	16.2466002586
NID1	19.5301150155
NALCN	19.4284807827
CSF2RA	19.2058705849
TMEM127	26.1287271827
MYH14	54.2427231422
STAP1	19.2058705849
MYH11	24.3
OTX2	16.8659161149
MYH10	51.1291395688
DNAJC19	27.8116507052
SMAD2	34.5433447952
SMAD4	20.0
STIL	19.2058705849
TGFB2	23.7950829198
SMAD3	23.4629763231
TGFB1	19.2058705849
TGFB3	19.8350177137
PTCH1	19.8959982534
PTCH2	19.6724029413
IFT122	24.9
SMAD9	41.6079880839
A2ML1	19.2058705849
DNAJC13	8.14698693537
SMAD6	20.0586130258
ARHGAP26	19.6114224017
ACSF3	23.4
ESR1	21.4408385912
SLC2A9	19.2058705849
NFKBIA	47.6079838969
TBCK	19.2058705849
ARHGAP31	19.2058705849
DLG3	40.3986348075
GDNF	30.3496440473
RFXAP	32.2545688046
TBCE	19.2058705849
MAN2B1	22.4
TGFBI	29.280602477
DOCK6	7.81291144467
ABCD4	8.56124054383
ACADVL	15.84
TSEN15	66.857413671
DOCK8	7.36525028713
HSPB8	22.1570276696
DOCK7	8.84186395602
SLC2A1	18.14
MT-TL1	NA
HSPB1	20.6480915757
SLC2A2	19.2058705849
HSPB3	70.2182131074
PKD2	20.5
MIR96	NA
PKD1	19.2058705849
LMOD3	19.2058705849
MT-TL2	NA
DHTKD1	19.2058705849
SGSH	30.0
GMPPB	55.1180009278
ALDH2	11.7616837447
CA5A	19.2058705849
CYP4V2	20.4854768033
KYNU	22.9653520824
GMPPA	14.9137248288
SPEG	19.2058705849
POLK	0.001
GUSB	25.7
ABCD1	15.36
POLE	20.4041694171
POLH	19.2058705849
TSHB	13.5296885239
HIBCH	20.9086706801
POLG	21.1
FGB	19.2058705849
KLF11	19.2058705849
FGA	19.2058705849
TSFM	19.2058705849
JAGN1	24.3
ABCC2	23.7
ABCC8	7.092
PDE4D	19.3675002431
MARS2	19.2058705849
ABCC6	19.2058705849
FGG	19.2058705849
ABCC9	25.7
CTPS1	20.4342834833
ARID1A	11.9153584705
ARID1B	35.0
UPK3A	19.2058705849
TGFBR1	32.0
TGFBR2	5.77
EHHADH	19.2058705849
SAG	19.2058705849
DOCK2	19.3878270896
B4GALT7	19.5910955551
FAN1	19.2058705849
MCPH1	24.4
HCN4	15.81
TSEN34	19.2058705849
KRT81	19.4284807827
HPGD	19.4894613224
POMP	26.2364342881
LCAT	19.2058705849
SPG7	11.98
KRT86	19.4284807827
KRT85	58.953187561
DLL3	21.5018191308
KRT83	19.550441862
HSPD1	42.0756937709
DLL4	26.6
ACAN	19.2058705849
ERBB4	7.55233256192
ERBB2	16.17
PDE6D	30.1004266958
PDE6C	22.2
PDE6B	22.8
PDE6A	51.1892731572
LRIG2	21.7457412894
SASH1	19.6724029413
MUTYH	13.47
LGI1	23.6614527235
DYX1C1	21.2172432791
PDE6H	32.1199349228
B3GAT3	19.9773056396
SPRY4	11.1002142732
LCA5	19.2058705849
DTNBP1	19.2058705849
NYX	19.733383481
GDAP1	29.7
TSHR	19.2058705849
POMC	19.2058705849
PIKFYVE	19.550441862
XPNPEP3	28.4320507307
PMP22	18.0372308865
POMK	19.2058705849
BAX	19.2058705849
HCN1	19.2058705849
